<?xml version="1.0" encoding="ISO-8859-1"?>
<metadata>
	<idinfo>
		<citation>
			<citeinfo>
				<origin>David Karplus - Yellowstone National Park Trail Crew Leader 1997</origin>
				<origin>Spatial Analysis Center - Yellowstone National Park</origin>
				<pubdate>Unpublished Material</pubdate>
				<title>Trail Survey of Yellowstone National Park, Wyoming, Montana, Idaho</title>
				<geoform Sync="TRUE">vector digital data</geoform>
				<pubinfo>
					<pubplace>Mammoth Hot Springs, Wyoming</pubplace>
					<publish>Yellowstone Center for Resources, Yellowstone National Park</publish>
				</pubinfo>
				<onlink>http://nrdata.nps.gov/yell/yelldata/yell_trails.e00.zip</onlink>
				<onlink>\\inpyellgis\data\yell_data\infrastructure\trails\y_trails</onlink>
				<ftname Sync="TRUE">Trails</ftname></citeinfo>
		</citation>
		<descript>
			<abstract>The main Trail Survey took place during the years of
1997-2000. Differentially corrected GPS (Global
Positioning System) data were collected primarily
on foot for all existing maintained trails and
spur trails to backcountry campsites, attractions
and buildings within the boundaries of Yellowstone
National Park (YNP).The trails that could not be
obtained through the GPS or have been rerouted
since the survey were acquired
through the uses of 1 meter Digital Orthophoto
Quarter Quads (DOQQs) and the help of backcountry
rangers with knowledge of  where the trails are
located.  There are also associated GPS data for
trail bridges, backcountry campsites, patrol
cabins and trail surface type.  Trail usage data also 
documented by using visitor ski and bike trail maps.  
There are several trails that are missing
from this layer, as this is still a work in progress.</abstract>
			<langdata Sync="TRUE">en</langdata></descript>
		<descript>
			<purpose>
This survey is intended to provide an accurate
geographical coverage of trails within Yellowstone
National Park for the purposes of maintenance and
increased recreational enjoyment.
</purpose>
			<langdata Sync="TRUE">en</langdata></descript>
		<timeperd>
			<timeinfo>
				<rngdates>
					<begdate>19970501</begdate>
					<enddate>20040909</enddate>
				</rngdates>
			</timeinfo>
			<current>ground condition</current>
		</timeperd>
		<status>
			<progress>(please see the Completeness Report in the Data Quality Information section).,In Work,(please see the Completeness Report in the Data Quality Information section). In Work</progress>
		</status>
		<status>
			<progress>(please see the Completeness Report in the Data Quality Information section).,In Work,(please see the Completeness Report in the Data Quality Information section). In Work</progress>
			<update>As needed</update>
		</status>
		<spdom>
			<bounding>
				<westbc Sync="TRUE">-111.139516</westbc>
				<eastbc Sync="TRUE">-109.826573</eastbc>
				<northbc Sync="TRUE">45.108545</northbc>
				<southbc Sync="TRUE">44.123560</southbc>
			</bounding>
			<lboundng><leftbc Sync="TRUE">-12371994.323400</leftbc><rightbc Sync="TRUE">-12225838.197700</rightbc><bottombc Sync="TRUE">5484583.377300</bottombc><topbc Sync="TRUE">5638625.905800</topbc></lboundng><minalti Sync="TRUE">0.000000</minalti><maxalti Sync="TRUE">1917.664174</maxalti></spdom>
		<keywords>
			<theme>
				<themekt>None</themekt>
				<themekey>Trail</themekey>
				<themekey>GPS</themekey>
				<themekey>Campgrounds</themekey>
				<themekey>Transportation</themekey>
				<themekey>Backcountry Patrol Cabins</themekey>
			</theme>
			<place>
				<placekt>None</placekt>
				<placekey>
Yellowstone National Park, YNP, YELL, Greater
Yellowstone Area, GYA, Greater Yellowstone
Ecosystem, GYE, Park County, Teton County, Fremont
County, Gallatin County, Montana, Idaho, Wyoming,
Northern Rocky Mountains
</placekey>
				<placekey>
National Park Service, NPS, Department of the
Interior, DOI, US Government
</placekey>
				<placekey>United States of America, US, USA, North America</placekey>
			</place>
		</keywords>
		<accconst>None</accconst>
		<useconst>None</useconst>
		<ptcontac>
			<cntinfo>
				<cntorgp>
					<cntorg>Spatial Analysis Center - Yellowstone National Park</cntorg>
				</cntorgp>
				<cntpos>GIS Specialist</cntpos>
				<cntaddr>
					<addrtype>mailing address</addrtype>
					<address>Yellowstone Center for Resources</address>
					<address>Spatial Analysis Center</address>
					<address>P.O. Box 168</address>
					<city>Yellowstone National Park</city>
					<state>Wyoming</state>
					<postal>82190</postal>
					<country>USA</country>
				</cntaddr>
				<cntvoice>(307) 344-2246</cntvoice>
				<cntfax>(307) 344-2211</cntfax>
				<cntemail>yell_gis@nps.gov</cntemail>
				<hours>8:00 a.m. to 4:00 p.m. (Mountain Time) Monday through Friday</hours>
				<cntinst>
Please check web site first:
http://www.nps.gov/yell/technical/gis
</cntinst>
			</cntinfo>
		</ptcontac>
		<datacred>National Park Service, Yellowstone National Park, Intermountain Region</datacred>
		<secinfo>
			<secsys>None</secsys>
			<secclass>None</secclass>
			<sechandl>None</sechandl>
		</secinfo>
		<native Sync="TRUE">Microsoft Windows XP Version 5.1 (Build 2600) Service Pack 3; ESRI ArcCatalog 9.3.1.3000</native>
		<crossref>
			<citeinfo>
				<origin>David Karplus - Yellowstone National Park Trail Crew Leader 1997</origin>
				<origin>Spatial Analysis Center - Yellowstone National Park</origin>
				<pubdate>Unpublished Material</pubdate>
				<title>Backcountry Survey of Yellowstone National Park, Wyoming, Montana, Idaho</title>
				<othercit>
Surveyed features include campsites, trails, trail
bridges, NPS cabins, and spur trails.
</othercit>
			</citeinfo>
		</crossref>
		<crossref>
			<citeinfo>
				<origin>David Karplus - Yellowstone National Park Trail Crew Leader 1997</origin>
				<origin>Spatial Analysis Center - Yellowstone National Park</origin>
				<pubdate>Unpublished Material</pubdate>
				<title>Trail Bridges of Yellowstone National Park, Wyoming, Montana, Idaho</title>
				<geoform>map</geoform>
			</citeinfo>
		</crossref>
		<crossref>
			<citeinfo>
				<origin>David Karplus - Yellowstone National Park Trails Crew Leader 1997</origin>
				<origin>Spatial Analysis Center - Yellowstone National Park</origin>
				<pubdate>Unpublished Material</pubdate>
				<title>Backcountry Campsites of Yellowstone National Park, Wyoming, Montana, Idaho</title>
				<geoform>map</geoform>
			</citeinfo>
		</crossref>
		<crossref>
			<citeinfo>
				<origin>David Karplus - Yellowstone National Park Trail Crew Leader 1997</origin>
				<origin>Spatial Analysis Center - Yellowstone National Park</origin>
				<pubdate>Unpublished Material</pubdate>
				<title>Patrol Cabins and Outbuildings of Yellowstone National Park, Wyoming, Montana, Idaho</title>
				<geoform>map</geoform>
			</citeinfo>
		</crossref>
		<natvform Sync="TRUE">Shapefile</natvform></idinfo>
	<dataqual>
		<attracc>
			<attraccr>
Data attributes were recorded on-site, during the
GPS survey. Backcountry rangers from each ranger
district also checked the attribute and location
accuracy.
</attraccr>
		</attracc>
		<logic>
All arcs have complete topology. All overshoots or
undershoots have been corrected and all
unnecessary dangles corrected. The BUILD function
in Arc/Info was evoked on 20000809.
</logic>
		<complete>There are several trail segments within the
Yellowstone National  Park trail system which have
not been surveyed as of August 2000.  The areas
that have not been checked by a backcountry ranger
are the Gallatin and Tower subdistrict. The trails
that are still missing from the coverage are Lost
Creek Falls, Slough Creek Fishing Access,  Fern
Cascade, Howard Eaton trail (in old Faithful),
Kepler Cascade, segment of South Boundary from
Harebell Cabin, segment of Howard Eaton from
Artist Point to Sour Creek, Spring Creek Ski Trail
and segment of Yellowstone River.
As of 20050804 Bike and Ski trails that need to 
be GPSed: Mammoth Area-Ski: Sheepeater Trail; 
Bighorn Loop; Indian Creek Loop.  Bike: Abandon 
railroad bed paralleling the Yellowstone River 
between Gardiner and the park boundary at 
Reese Creek (5mi).  Cayon Area- Ski: ~1.5 mi 
in on the Cascade Lake Trail; Roller Coaster Trail; 
Portion of Canyon Rim Trail that dosent't follow road.  
Tower/Lamar Area-Ski: Lost Lake Trail all the way 
up to Blacktail Plateau Trail; Cutoff to parking area 
on Blacktail Plateau Trail. Bike: Rose Creek Service 
Road behing Yellowstone Institute (crosses creek
 follows stream up to spring).</complete>
		<posacc>
			<horizpa>
				<horizpar>
The data produced from GPS field data are assumed
to be spatially accurate to within 2-5 meters.
Maximum PDOP was set to 6 and data were only
collected when at least 4 satellites were
readable.  Data acquired from DOQQs can have a
spatial accuracy within 5-10 meters.
</horizpar>
			</horizpa>
		</posacc>
		<lineage>
			<srcinfo>
				<srccite>
					<citeinfo>
						<origin>David Karplus - Yellowstone National Park Trail Crew Leader 1997</origin>
						<origin>Spatial Analysis Center - Yellowstone National Park</origin>
						<pubdate>Unpublished Material</pubdate>
						<title>Backcountry Survey of Yellowstone National Park, Wyoming, Montana, Idaho</title>
						<othercit>
Surveyed features include campsites, trails, trail
bridges, NPS cabins, and spur trails.
</othercit>
					</citeinfo>
				</srccite>
				<srcscale>24000</srcscale>
				<typesrc>disc</typesrc>
				<srctime>
					<timeinfo>
						<rngdates>
							<begdate>19970101</begdate>
							<enddate>2000</enddate>
						</rngdates>
					</timeinfo>
					<srccurr>ground condition</srccurr>
				</srctime>
				<srccitea>Backcountry Survey</srccitea>
				<srccontr>
This three year survey project provided the GPS
coordinates.
</srccontr>
			</srcinfo>
			<srcinfo>
				<srccite>
					<citeinfo>
						<origin>U.S. Geological Survey</origin>
						<origin>Western Mapping Center</origin>
						<pubdate>Unknown</pubdate>
						<title>1 Meter Digital Orthophoto Quarter Quads</title>
						<geoform>Remote-Sensing Image</geoform>
						<pubinfo>
							<pubplace>Menlo Park, California</pubplace>
							<publish>U.S. Geological Survey</publish>
						</pubinfo>
					</citeinfo>
				</srccite>
				<srcscale>24000</srcscale>
				<typesrc>disc</typesrc>
				<srctime>
					<timeinfo>
						<rngdates>
							<begdate>19911201</begdate>
							<enddate>19941201</enddate>
						</rngdates>
					</timeinfo>
					<srccurr>ground condition</srccurr>
				</srctime>
				<srccitea>DOQQs</srccitea>
				<srccontr>Background image for heads-up digitizing.</srccontr>
			</srcinfo>
			<srcinfo>
				<srccite>
					<citeinfo>
						<origin>Mike Ross - Ranger Northeast Subdistrict</origin>
						<pubdate>Unpublished Material</pubdate>
						<title>Trail Names of Yellowstone National Park</title>
						<geoform>database</geoform>
					</citeinfo>
				</srccite>
				<typesrc>digital database file</typesrc>
				<srctime>
					<timeinfo>
						<sngdate>
							<caldate>1997</caldate>
						</sngdate>
					</timeinfo>
					<srccurr>observed</srccurr>
				</srctime>
				<srccitea>Trail Names</srccitea>
				<srccontr>
Provide the source to attribute trail segments
with the correct name.
</srccontr>
			</srcinfo>
			<srcinfo>
				<srccite>
					<citeinfo>
						<origin>National Geographic Maps</origin>
						<pubdate>1991</pubdate>
						<title>Yellowstone Series Trail Map</title>
						<geoform>map</geoform>
						<pubinfo>
							<pubplace>Evergreen, Colorado</pubplace>
							<publish>Ponderosa Publishing Company</publish>
						</pubinfo>
					</citeinfo>
				</srccite>
				<typesrc>paper</typesrc>
				<srctime>
					<timeinfo>
						<sngdate>
							<caldate>1991</caldate>
						</sngdate>
					</timeinfo>
					<srccurr>Date of Publication</srccurr>
				</srctime>
				<srccitea>Trails Illustrated - Old Faithful</srccitea>
				<srccontr>
Provide a means of assessing what trails needed to
be recorded.
</srccontr>
			</srcinfo>
			<srcinfo>
				<srccite>
					<citeinfo>
						<origin>National Geographic Maps</origin>
						<pubdate>1997</pubdate>
						<title>Yellowstone Lake Trails Illustrated</title>
						<geoform>map</geoform>
						<pubinfo>
							<pubplace>Evergreen, Colorado</pubplace>
							<publish>Ponderosa Publishing Company</publish>
						</pubinfo>
					</citeinfo>
				</srccite>
				<typesrc>paper</typesrc>
				<srctime>
					<timeinfo>
						<rngdates>
							<begdate>1991</begdate>
							<enddate>1997</enddate>
						</rngdates>
					</timeinfo>
					<srccurr>Date of Publication</srccurr>
				</srctime>
				<srccitea>Trail Illustrated - Lake</srccitea>
				<srccontr>
Provide a means of assessing what trails needed to
be recorded.
</srccontr>
			</srcinfo>
			<srcinfo>
				<srccite>
					<citeinfo>
						<origin>National Geographic Maps</origin>
						<pubdate>1997</pubdate>
						<title>Mammoth Hot Springs Trail Illustrated</title>
						<geoform>map</geoform>
						<pubinfo>
							<pubplace>Evergreen, Colorado</pubplace>
							<publish>Ponderosa Publishing Company</publish>
						</pubinfo>
					</citeinfo>
				</srccite>
				<typesrc>paper</typesrc>
				<srctime>
					<timeinfo>
						<rngdates>
							<begdate>1991</begdate>
							<enddate>1996</enddate>
						</rngdates>
					</timeinfo>
					<srccurr>Date of Publication</srccurr>
				</srctime>
				<srccitea>Trail Illustrated - Mammoth</srccitea>
				<srccontr>
Provide a means of assessing what trails needed to
be recorded.
</srccontr>
			</srcinfo>
			<srcinfo>
				<srccite>
					<citeinfo>
						<origin>National Geographic Maps</origin>
						<pubdate>1996</pubdate>
						<title>Tower/Canyon Trails Illustrated</title>
						<geoform>map</geoform>
						<pubinfo>
							<pubplace>Evergreen, Colorado</pubplace>
							<publish>Ponderosa Publishing Company</publish>
						</pubinfo>
					</citeinfo>
				</srccite>
				<typesrc>paper</typesrc>
				<srctime>
					<timeinfo>
						<rngdates>
							<begdate>1991</begdate>
							<enddate>1996</enddate>
						</rngdates>
					</timeinfo>
					<srccurr>Date of Publication</srccurr>
				</srctime>
				<srccitea>Trails Illustrated - Canyon</srccitea>
				<srccontr>
Provide a means of assessing what trails needed to
be recorded.
</srccontr>
			</srcinfo>
			<procstep>
				<procdesc>GPS data were collected with  Trimble ProXR, PROXL
&amp; ProXRS by volunteers on foot during the summer
field seasons of 1997, 1998, and 1999.
</procdesc>
				<procdate>Multiple dates (see above)</procdate>
			</procstep>
			<procstep>
				<procdesc>
GPS files were differentially corrected using base
station data from the Idaho Fall, Idaho GPS
Community Base Station at INEL.The GPS processing
software was Trimble Pathfinder Office Versions
2.11 through 2.5.
</procdesc>
				<procdate>Multiple dates (see above)</procdate>
			</procstep>
			<procstep>
				<procdesc>
Data were brought into Arc/Info v7.1. &amp; 8.01 The
node errors were eliminated from the coverage by
snapping all intersecting arcs together. Arcs
representing trails were also snapped to their
corresponding bridges and campsites.
</procdesc>
				<procdate>20000301</procdate>
			</procstep>
			<procstep>
				<procdesc>
Features were quality controlled by verifying the
locations of the features with the NPS district
rangers. Backcountry trails locations that were
not surveyed with a GPS or rerouted with in the
three year survey period were obtained by having
backcountry rangers from each district identify
where the trail  is located on a 1-meter DOQQ.
Using ArcView, a line was digitized to the
specified location. The ArcView shapefile of
trails was converted to an Arc/Info coverage using
the SHAPEARC command with PRECISION set to DOUBLE
HIGH. The coverage was then added to the coverage
containing the GPS trails  using the PUT command
in ArcEdit.
</procdesc>
				<srcused>DOQQs</srcused>
				<procdate>20000809</procdate>
				<srcprod>DOQQ</srcprod>
				<srcprod>Trail Illustrated - Canyon</srcprod>
				<srcprod>Trail Illustrated - Mammoth</srcprod>
				<srcprod>Trail Illustrated - Old Faithful</srcprod>
				<srcprod>Trail Illustrated - Lake</srcprod>
			</procstep>
			<procstep>
				<procdesc>Several trails were removed, moved, added according to instructions from the Backcountry Office.  All new data were heads-up digitized on DOQQs.</procdesc>
				<srcused>DOQQ</srcused>
				<procdate>20040818</procdate>
				<proccont>
					<cntinfo>
						<cntorgp>
							<cntorg>Spatial Analysis Center - Yellowstone National Park</cntorg>
						</cntorgp>
						<cntpos>GIS Specialist</cntpos>
						<cntaddr>
							<addrtype>mailing address</addrtype>
							<address>Yellowstone Center for Resources</address>
							<address>Spatial Analysis Center</address>
							<address>P.O. Box 168</address>
							<city>Yellowstone National Park</city>
							<state>Wyoming</state>
							<postal>82190</postal>
							<country>USA</country>
						</cntaddr>
						<cntvoice>307-344-2246</cntvoice>
						<cntfax>307-344-2211</cntfax>
						<cntemail>yell_gis@nps.gov</cntemail>
						<hours>8:00 a.m. to 4:00 p.m. (Mountain Time) Monday through Friday</hours>
						<cntinst>Please check website first: http://www.nps.gov/yell/technical/gis</cntinst>
					</cntinfo>
				</proccont>
			</procstep>
			<srcinfo><typesrc>paper</typesrc><srccitea>Canyon Area Ski Trails</srccitea><srccontr>Provided map of ski trails in canyon area which helped in documenting trail usage attribute</srccontr><srccite><citeinfo><origin>Yellowstone National Park Lodges</origin><origin>Amfac Parks and Resorts</origin><origin>Autohorized Concessioner of the NPS</origin><pubdate>Unknown</pubdate><pubtime>Unknown</pubtime><title>Canyon Area Ski Trails</title></citeinfo></srccite><srctime><srccurr>ground condition</srccurr></srctime></srcinfo><srcinfo><typesrc>paper</typesrc><srccitea>Tower Area Ski Trails</srccitea><srccite><citeinfo><origin>Yellowstone National Park Lodges</origin><origin>Amfac Parks and Resorts</origin><origin>Concessioner of the NPS</origin><pubdate>Unknown</pubdate><title>Tower Area Ski Trails</title></citeinfo></srccite><srccontr>Provided map of ski trails located in the Tower area which helped in documenting trail usage attribute</srccontr></srcinfo><srcinfo><srccite><citeinfo><origin>Yellowstone National Park Lodges</origin><origin>Amfac Parks and Resorts</origin><origin>Conscessioner of the Natioanl Park Service</origin><pubdate>Unknown</pubdate><title>Mammoth Area Ski Trails</title></citeinfo></srccite><typesrc>paper</typesrc><srccitea>Mammoth Area Ski Trails</srccitea><srccontr>Provided map of ski trails in Mammoth area which helped in documenting trail usage attribute</srccontr></srcinfo><srcinfo><srccite><citeinfo><origin>Yellowstone National Park Lodges</origin><origin>Amfac Parks and Resorts</origin><origin>Concessioner of the National Park</origin><pubdate>Unknown</pubdate><title>Northeast Area Ski Trails</title></citeinfo></srccite><typesrc>paper</typesrc><srccitea>Northeast Area Ski Trails</srccitea><srccontr>Provided map of ski trails of the Northeast area which helped in documenting trail usage attribute</srccontr></srcinfo><srcinfo><srccite><citeinfo><origin>Yellowstone National Park Lodges</origin><origin>Amfac Parks and Resorts</origin><origin>Concessioner of the National Park</origin><title>Old Faithful Are Ski Trails</title></citeinfo></srccite><typesrc>paper</typesrc><srccitea>Old Faithful Area Ski Trails</srccitea><srccontr>Provided map of ski trails of the Old Faithful area which helped in documenting trail usage attribute</srccontr></srcinfo><srcinfo><srccite><citeinfo><origin>Yellowstone National Park</origin><pubdate>Unknown</pubdate><title>Bicycling in Yellowstone National Park</title></citeinfo></srccite><typesrc>paper</typesrc><srccitea>National Park Maps</srccitea><srccontr>Provided map of bike trails in Yellowstone National Park, which helped in documenting trail usage attribute</srccontr></srcinfo><procstep><procdesc>2005 trails survey conducted by adding new attribute
field, called USAGE.  Various maps of area ski trails 
and bike trails were obtained from the visitor center.  
These maps were used to populate trail USAGE attribute.</procdesc><srcused>SKi and Bike trail maps</srcused><procdate>20050804</procdate></procstep></lineage>
	</dataqual>
	<spdoinfo>
		<direct Sync="TRUE">Vector</direct>
		<ptvctinf>
			<sdtsterm Name="Trails">
				<sdtstype Sync="TRUE">String</sdtstype>
				<ptvctcnt Sync="TRUE">0</ptvctcnt>
			</sdtsterm>
			<sdtsterm>
				<sdtstype>Point</sdtstype>
				<ptvctcnt>4</ptvctcnt>
			</sdtsterm>
			<esriterm Name="Trails"><efeatyp Sync="TRUE">Simple</efeatyp><efeageom Sync="TRUE">Polyline</efeageom><esritopo Sync="TRUE">FALSE</esritopo><efeacnt Sync="TRUE">0</efeacnt><spindex Sync="TRUE">FALSE</spindex><linrefer Sync="TRUE">TRUE</linrefer></esriterm></ptvctinf>
	</spdoinfo>
	<spref>
		<horizsys>
			<planar>
				<planci>
					<plance Sync="TRUE">coordinate pair</plance>
					<coordrep>
						<absres Sync="TRUE">0.000000</absres>
						<ordres Sync="TRUE">0.000000</ordres>
					</coordrep>
					<plandu Sync="TRUE">meters</plandu>
				</planci>
				<gridsys><gridsysn Sync="TRUE">Universal Transverse Mercator</gridsysn><utm><utmzone Sync="TRUE">12</utmzone><transmer><sfctrmer Sync="TRUE">0.999600</sfctrmer><longcm Sync="TRUE">-111.000000</longcm><latprjo Sync="TRUE">0.000000</latprjo><feast Sync="TRUE">500000.000000</feast><fnorth Sync="TRUE">0.000000</fnorth></transmer></utm></gridsys></planar>
			<geodetic>
				<horizdn Sync="TRUE">North American Datum of 1983</horizdn>
				<ellips Sync="TRUE">Geodetic Reference System 80</ellips>
				<semiaxis Sync="TRUE">6378137.000000</semiaxis>
				<denflat Sync="TRUE">298.257222</denflat>
			</geodetic>
			<cordsysn><geogcsn Sync="TRUE">GCS_North_American_1983</geogcsn><projcsn Sync="TRUE">NAD_1983_UTM_Zone_12N</projcsn></cordsysn></horizsys>
		<vertdef><altsys><altenc Sync="TRUE">Explicit elevation coordinate included with horizontal coordinates</altenc><altres Sync="TRUE">0.000100</altres></altsys></vertdef></spref>
	<eainfo>
		<detailed Name="Trails">
			<enttyp>
				<enttypl Sync="TRUE">Trails</enttypl>
				<enttypt Sync="TRUE">Feature Class</enttypt><enttypc Sync="TRUE">0</enttypc></enttyp>
			<attr><attrlabl Sync="TRUE">FID</attrlabl><attalias Sync="TRUE">FID</attalias><attrtype Sync="TRUE">OID</attrtype><attwidth Sync="TRUE">4</attwidth><atprecis Sync="TRUE">0</atprecis><attscale Sync="TRUE">0</attscale><attrdef Sync="TRUE">Internal feature number.</attrdef><attrdefs Sync="TRUE">ESRI</attrdefs><attrdomv><udom Sync="TRUE">Sequential unique whole numbers that are automatically generated.</udom></attrdomv></attr><attr>
				<attrlabl>SURVYDAT</attrlabl>
				<attrtype Sync="TRUE">Date</attrtype><attwidth Sync="TRUE">8</attwidth><attalias Sync="TRUE">SURVYDAT</attalias></attr>
			<attr>
				<attrlabl>SURVEY</attrlabl>
				<attrtype Sync="TRUE">String</attrtype><attwidth Sync="TRUE">12</attwidth><attalias Sync="TRUE">SURVEY</attalias></attr>
			<attr>
				<attrlabl>Shape</attrlabl>
				<attrdef>Feature geometry.</attrdef>
				<attrdefs>ESRI</attrdefs>
				<attrdomv>
					<udom>Coordinates defining the features.</udom>
				</attrdomv>
				<attrtype Sync="TRUE">Geometry</attrtype><attwidth Sync="TRUE">0</attwidth><attalias Sync="TRUE">Shape</attalias><atprecis Sync="TRUE">0</atprecis><attscale Sync="TRUE">0</attscale></attr>
			<attr>
				<attrlabl>NAME</attrlabl>
				<attrtype Sync="TRUE">String</attrtype><attwidth Sync="TRUE">100</attwidth><attalias Sync="TRUE">NAME</attalias></attr>
			<attr>
				<attrlabl>SURVEYOR</attrlabl>
				<attrtype Sync="TRUE">String</attrtype><attwidth Sync="TRUE">254</attwidth><attalias Sync="TRUE">SURVEYOR</attalias></attr>
			<attr><attrlabl Sync="TRUE">SURFACE</attrlabl><attalias Sync="TRUE">SURFACE</attalias><attrtype Sync="TRUE">String</attrtype><attwidth Sync="TRUE">50</attwidth></attr><attr><attrlabl Sync="TRUE">Usage</attrlabl><attalias Sync="TRUE">Usage</attalias><attrtype Sync="TRUE">String</attrtype><attwidth Sync="TRUE">50</attwidth><attrdef>Defines visitor/park usage of trail or road.  Hiking; Stock; Biking; Ski; Service Road</attrdef><attrdefs>Park brochures, backcountry office rangers</attrdefs></attr><attr><attrlabl Sync="TRUE">GPS_Date</attrlabl><attalias Sync="TRUE">GPS_Date</attalias><attrtype Sync="TRUE">Date</attrtype><attwidth Sync="TRUE">8</attwidth></attr><attr><attrlabl Sync="TRUE">Shape_Leng</attrlabl><attalias Sync="TRUE">Shape_Leng</attalias><attrtype Sync="TRUE">Float</attrtype><attwidth Sync="TRUE">19</attwidth><atnumdec Sync="TRUE">11</atnumdec></attr><attr><attrlabl Sync="TRUE">Shape_Le_1</attrlabl><attalias Sync="TRUE">Shape_Le_1</attalias><attrtype Sync="TRUE">Float</attrtype><attwidth Sync="TRUE">19</attwidth><atnumdec Sync="TRUE">11</atnumdec></attr></detailed>
		<overview>
			<eaover>
This coverage contains the following attribute
fields: SURVEYOR: name of the surveyor;
SURVYDAT:date the feature was surveyed; NAME:
common trail name. The NAME of the Trail were
obtained using  Trails Illustrated Map and the
Trail Names database created by the Ranger
Divsion.  TYPE; if the trail is a Main Trail, a
Spur trail,  an off shoot of the main trail that
either goes to a backcountry campsite, attraction
or building, a Boardwalk or Paved Path; SURVEY;
The survey method is either GPS - using a Globe
Positioning System, or Office - using DOQQs in the
office and the knowledge of a backcountry ranger
familiar with the area.
</eaover>
			<eadetcit>none</eadetcit>
		</overview>
	</eainfo>
	<distinfo>
		<distrib>
			<cntinfo>
				<cntorgp>
					<cntorg>National Park Service, Intermountain GIS Program Office</cntorg>
				</cntorgp>
				<cntpos>GIS Coordinator/GIS Specialits</cntpos>
				<cntaddr>
					<addrtype>mailing and physical address</addrtype>
					<address>12795 West Alameda Parkway</address>
					<city>Lakewood</city>
					<state>Colorado</state>
					<postal>80225</postal>
					<country>USA</country>
				</cntaddr>
				<cntemail>imro_gis_coordinator@nps.gov</cntemail>
			</cntinfo>
		</distrib>
		<resdesc>yell_trails.e00.zip</resdesc>
		<distliab>
The National Park Service shall not be held liable
for improper or incorrect use of the data
described and/or contained herein. These data and
related graphics ("GIF" format files) are not
legal documents and are not intended to be used as
such. The information contained in these data is
dynamic and may change over time. The data are not
better than the original sources from which they
were derived. It is the responsibility of the data
user to use the data appropriately and consistent
within the limitations of geospatial data in
general and these data in particular. The related
graphics are intended to aid the data user in
acquiring relevant data; it is not appropriate to
use the related graphics as data. The National
Park Service gives no warranty, expressed or
implied, as to the accuracy, reliability, or
completeness of these data. It is strongly
recommended that these data are directly acquired
from an NPS server and not indirectly through
other sources which may have changed the data in
some way. Although these data have been processed
successfully on a computer system at the National
Park Service, no warranty expressed or implied is
made regarding the utility of the data on another
system or for general or scientific purposes, nor
shall the act of distribution constitute any such
warranty. This disclaimer applies both to
individual use of the data and aggregate use with
other data.
</distliab>
		<stdorder>
			<digform>
				<digtinfo>
					<formname>ARCG</formname>
					<formvern>Version 9</formvern>
					<formspec>shapefile</formspec>
					<filedec>WinZip</filedec>
					<transize>2.455</transize>
					<dssize Sync="TRUE">0.000</dssize></digtinfo>
				<digtopt>
					<onlinopt>
						<computer>
							<networka>
								<networkr>http://nrdata.nps.gov/yell/yelldata/yell_trails.zip</networkr>
							</networka>
						</computer>
					</onlinopt>
				</digtopt>
			</digform>
			<fees>None</fees>
			<ordering>
Dataset available at any time via the world wide
web.
</ordering>
		</stdorder>
	</distinfo>
	<metainfo>
		<metd Sync="TRUE">20101215</metd>
		<metrd>20000928</metrd>
		<metc>
			<cntinfo>
				<cntorgp>
					<cntorg>Spatial Analysis Center - Yellowstone National Park</cntorg>
				</cntorgp>
				<cntpos>GIS Specialist</cntpos>
				<cntaddr>
					<addrtype>Mailing Address</addrtype>
					<address>Yellowstone Center for Resources</address>
					<address>Spatial Analysis Center</address>
					<address>P.O. Box 168</address>
					<city>Yellowstone National Park</city>
					<state>Wyoming</state>
					<postal>82190</postal>
					<country>USA</country>
				</cntaddr>
				<cntvoice>(307) 344-2246</cntvoice>
				<cntfax>(307) 344-2211</cntfax>
				<cntemail>yell_gis@nps.gov</cntemail>
				<hours>8:00 a.m. to 4:00 p.m. (Mountain Time) Monday through Friday</hours>
				<cntinst>
Please check web site first:
http://www.nps.gov/yell/technical/gis
</cntinst>
			</cntinfo>
		</metc>
		<metstdn Sync="TRUE">FGDC Content Standards for Digital Geospatial Metadata</metstdn>
		<metstdv Sync="TRUE">FGDC-STD-001-1998</metstdv>
		<mettc Sync="TRUE">local time</mettc>
		<metac>None</metac>
		<metuc>None</metuc>
		<metsi>
			<metscs>None</metscs>
			<metsc>Unclassified</metsc>
			<metshd>None</metshd>
		</metsi>
		<metextns>
			<onlink>http://www.esri.com/metadata/esriprof80.html</onlink>
			<metprof>ESRI Metadata Profile</metprof>
		</metextns>
		<langmeta Sync="TRUE">en</langmeta><metextns><onlink Sync="TRUE">http://www.esri.com/metadata/esriprof80.html</onlink><metprof Sync="TRUE">ESRI Metadata Profile</metprof></metextns></metainfo>
	<Esri><CreaDate>20101210</CreaDate><CreaTime>14162200</CreaTime><SyncOnce>TRUE</SyncOnce><SyncDate>20101206</SyncDate><SyncTime>10511400</SyncTime><ModDate>20101215</ModDate><ModTime>14402100</ModTime><DataProperties><lineage/></DataProperties><MetaID>{5A51E6F1-7A13-4B9F-99B1-5243F3688C1E}</MetaID></Esri><dataIdInfo><envirDesc Sync="TRUE">Microsoft Windows XP Version 5.1 (Build 2600) Service Pack 3; ESRI ArcCatalog 9.3.1.3000</envirDesc><dataLang><languageCode Sync="TRUE" value="en"></languageCode></dataLang><idCitation><resTitle Sync="TRUE">Trails</resTitle><presForm><PresFormCd Sync="TRUE" value="005"></PresFormCd></presForm></idCitation><spatRpType><SpatRepTypCd Sync="TRUE" value="001"></SpatRepTypCd></spatRpType><dataExt><geoEle><GeoBndBox esriExtentType="native"><westBL Sync="TRUE">-12371994.3234</westBL><eastBL Sync="TRUE">-12225838.1977</eastBL><northBL Sync="TRUE">5638625.9058</northBL><southBL Sync="TRUE">5484583.3773</southBL><exTypeCode Sync="TRUE">1</exTypeCode></GeoBndBox></geoEle></dataExt><geoBox esriExtentType="decdegrees"><westBL Sync="TRUE">-111.139516</westBL><eastBL Sync="TRUE">-109.826573</eastBL><northBL Sync="TRUE">45.108545</northBL><southBL Sync="TRUE">44.12356</southBL><exTypeCode Sync="TRUE">1</exTypeCode></geoBox></dataIdInfo><mdLang><languageCode Sync="TRUE" value="en"></languageCode></mdLang><mdStanName Sync="TRUE">ISO 19115 Geographic Information - Metadata</mdStanName><mdStanVer Sync="TRUE">DIS_ESRI1.0</mdStanVer><mdChar><CharSetCd Sync="TRUE" value="004"></CharSetCd></mdChar><mdHrLv><ScopeCd Sync="TRUE" value="005"></ScopeCd></mdHrLv><mdHrLvName Sync="TRUE">dataset</mdHrLvName><distInfo><distributor><distorTran><onLineSrc><orDesc Sync="TRUE">002</orDesc><linkage Sync="TRUE">file://\\BAROSAURUS\Projects\Volcano_Hazzards_Program\Final\Downloads\Shapefiles\Park Info\Trails\Trails</linkage><protocol Sync="TRUE">Local Area Network</protocol></onLineSrc><transSize Sync="TRUE">0.000</transSize></distorTran><distorFormat><formatName Sync="TRUE">Shapefile</formatName></distorFormat></distributor></distInfo><refSysInfo><RefSystem><refSysID><identCode Sync="TRUE">NAD_1983_UTM_Zone_12N</identCode></refSysID></RefSystem></refSysInfo><spatRepInfo><VectSpatRep><topLvl><TopoLevCd Sync="TRUE" value="001"></TopoLevCd></topLvl><geometObjs Name="Trails"><geoObjTyp><GeoObjTypCd Sync="TRUE" value="001"></GeoObjTypCd></geoObjTyp><geoObjCnt Sync="TRUE">0</geoObjCnt></geometObjs></VectSpatRep></spatRepInfo><mdDateSt Sync="TRUE">20101215</mdDateSt></metadata>
