<?xml version="1.0" encoding="ISO-8859-1"?>
<!DOCTYPE metadata SYSTEM "http://www.fgdc.gov/metadata/fgdc-std-001-1998.dtd">
<metadata>
	<idinfo>
		<citation>
			<citeinfo>
				<origin>Federal Highway Administration</origin>
				<pubdate>2010</pubdate>
				<title Sync="TRUE">Roads</title>
				<edition>Freight Analysis Framework 2.2 Highway Capacity Analysis</edition>
				<geoform Sync="TRUE">vector digital data</geoform>
				<pubinfo>
					<pubplace>Washington, DC</pubplace>
					<publish>Research and Innovative Technology Administration's Bureau of Transportation Statistics (RITA/BTS)</publish>
				</pubinfo>
				<onlink>http://www.bts.gov/programs/geographic_information_services/</onlink>
				<lworkcit>
					<citeinfo>
						<origin>Research and Innovative Technology Administration's Bureau of Transportation Statistics (RITA/BTS)</origin>
						<pubdate>2010</pubdate>
						<title>National Transportation Atlas Databases (NTAD) 2010</title>
						<geoform>vector digital data</geoform>
						<pubinfo>
							<pubplace>Washington, DC</pubplace>
							<publish>Research and Innovative Technology Administration's Bureau of Transportation Statistics (RITA/BTS)</publish>
						</pubinfo>
						<onlink>http://www.bts.gov/programs/geographic_information_services/</onlink>
					</citeinfo>
				</lworkcit>
				<ftname Sync="TRUE">Roads</ftname></citeinfo>
		</citation>
		<descript>
			<abstract>Names updated for Yellowstone Roads, 2010.

"Freight Analysis Framework 2.2 Network Machine Readable Data Files" are distributed by the Federal Highway Administration Office of Freight Management and Operations, Operations Core Business Unit, Washington DC, 2007</abstract>
			<purpose>The spatial component of the FAF 2.2 network is derived from National Highway Planning Network Version 2005.08 and contains National Highway System (NHS), National Network (NN) and several intermodal connectors as appropriate for the freight network modeling. The network consists of over 447,407 miles of equivalent road mileage. The data set covers the 48 contiguous States, Alaska, Canadian routes that connects Alaska to the contiguous States and the District of Columbia. The nominal scale of the data set is 1:100,000 with a maximal positional error of �80 meters.</purpose>
			<langdata Sync="TRUE">en</langdata></descript>
		<timeperd>
			<timeinfo>
				<sngdate>
					<caldate>2010</caldate>
				</sngdate>
			</timeinfo>
			<current>2010</current>
		</timeperd>
		<status>
			<progress>On going</progress>
			<update>While this is a preliminary release, updates will be released</update>
		</status>
		<spdom>
			<bounding>
				<westbc Sync="TRUE">-155.749384</westbc>
				<eastbc Sync="TRUE">-67.464293</eastbc>
				<northbc Sync="TRUE">75.684531</northbc>
				<southbc Sync="TRUE">18.948573</southbc>
			</bounding>
			<lboundng><leftbc Sync="TRUE">-4637500.889000</leftbc><rightbc Sync="TRUE">3945352.607600</rightbc><bottombc Sync="TRUE">2851548.406000</bottombc><topbc Sync="TRUE">8399984.718100</topbc></lboundng></spdom>
		<keywords>
			<theme>
				<themekt>NHPN</themekt>
				<themekey>FAF</themekey>
				<themekey>Freight Analysis Framework</themekey>
			</theme>
			<theme>
				<themekt>Freight</themekt>
			</theme>
			<theme>
				<themekt>Network</themekt>
				<themekey>Freight Analysis Network</themekey>
				<themekey>FAF</themekey>
				<themekey>Transportation</themekey>
			</theme>
			<temporal>
				<tempkey>2008</tempkey>
				<tempkey>2009</tempkey><tempkey>2010</tempkey></temporal>
		</keywords>
		<accconst>None</accconst>
		<useconst>The FAF network, or any portion thereof, can be freely distributed as long as this metadata entry is included with each distribution. The original metadata entry cannot be modified or deleted from any data transfer.</useconst>
		<ptcontac>
			<cntinfo>
				<cntorgp>
					<cntorg>Federal Highway Administration</cntorg>
					<cntper>Mr. Michael Sprung</cntper>
				</cntorgp>
				<cntpos>Office of Freight Management and Operations</cntpos>
				<cntaddr>
					<addrtype>mailing and physical address</addrtype>
					<address>1200 New Jersey Ave, SE</address>
					<city>Washington</city>
					<state>DC</state>
					<postal>20590</postal>
					<country>USA</country>
				</cntaddr>
				<cntvoice>(202) 366-9047</cntvoice>
				<cntemail>Michael.sprung@dot.gov</cntemail>
			</cntinfo>
		</ptcontac>
		<datacred>The freight network, assignment and modeling portions of "FAF 2.2 Network" are developed by Transportation &amp; Economic Development Product Line, Battelle Columbus, OH.</datacred>
		<secinfo>
			<secclass>Unclassified</secclass>
		</secinfo>
		<native Sync="TRUE">Microsoft Windows XP Version 5.1 (Build 2600) Service Pack 3; ESRI ArcCatalog 9.3.1.3000</native>
		<crossref>
			<citeinfo>
				<origin>Research and Innovative Technology Administration's Bureau of Transportation Statistics (RITA/BTS)</origin>
				<pubdate>2010</pubdate>
				<title>National Transportation Atlas Databases (NTAD) 2010</title>
				<geoform>vector digital data</geoform>
				<pubinfo>
					<pubplace>Washington, DC</pubplace>
					<publish>Research and Innovative Technology Administration's Bureau of Transportation Statistics (RITA/BTS)</publish>
				</pubinfo>
				<onlink>http://www.bts.gov/programs/geographic_information_services/</onlink>
			</citeinfo>
		</crossref>
		<natvform Sync="TRUE">Shapefile</natvform></idinfo>
	<dataqual>
		<logic>All node and link topological relationships and uniqueness of entity IDs are verified by computer algorithm.</logic>
		<complete>The completed FAF 2.2 network was delivered to the FHWA on March 2007.</complete>
		<posacc>
			<horizpa>
				<horizpar>As reported in the NHPN version 2005.08 metadata, the elements of the NHPN have been conflated to the 1:100,000 DLG-3 data set which maintains a nominal accuracy of at least �80 meters.  Where new roads have been added which are not in the DLG-3 database link alignments have been digitized or converted from digital sources acquired from State DOTs with a map scale of at least 1:100,000.</horizpar>
			</horizpa>
		</posacc>
		<lineage>
			<srcinfo>
				<srccite>
					<citeinfo>
						<origin>Office of Freight Management and Operations</origin>
						<pubdate>2010</pubdate>
						<title>Freight Analysis Framework (FAF) Network Version 2.2</title>
					</citeinfo>
				</srccite>
				<srctime>
					<timeinfo>
						<sngdate>
							<caldate>2010</caldate>
						</sngdate>
					</timeinfo>
				</srctime>
			</srcinfo>
		</lineage>
	</dataqual>
	<spdoinfo>
		<direct Sync="TRUE">Vector</direct>
		<ptvctinf>
			<sdtsterm Name="Roads">
				<sdtstype Sync="TRUE">String</sdtstype>
				<ptvctcnt Sync="TRUE">0</ptvctcnt>
			</sdtsterm>
			<esriterm Name="Roads"><efeatyp Sync="TRUE">Simple</efeatyp><efeageom Sync="TRUE">Polyline</efeageom><esritopo Sync="TRUE">FALSE</esritopo><efeacnt Sync="TRUE">0</efeacnt><spindex Sync="TRUE">FALSE</spindex><linrefer Sync="TRUE">FALSE</linrefer></esriterm></ptvctinf>
	</spdoinfo>
	<spref>
		<horizsys>
			<geodetic>
				<horizdn Sync="TRUE">North American Datum of 1983</horizdn>
				<ellips Sync="TRUE">Geodetic Reference System 80</ellips>
				<semiaxis Sync="TRUE">6378137.000000</semiaxis>
				<denflat Sync="TRUE">298.257222</denflat>
			</geodetic>
			<cordsysn><geogcsn Sync="TRUE">GCS_North_American_1983</geogcsn><projcsn Sync="TRUE">NAD_1983_UTM_Zone_12N</projcsn></cordsysn><planar><planci><plance Sync="TRUE">coordinate pair</plance><plandu Sync="TRUE">meters</plandu><coordrep><absres Sync="TRUE">0.000000</absres><ordres Sync="TRUE">0.000000</ordres></coordrep></planci><gridsys><gridsysn Sync="TRUE">Universal Transverse Mercator</gridsysn><utm><utmzone Sync="TRUE">12</utmzone><transmer><sfctrmer Sync="TRUE">0.999600</sfctrmer><longcm Sync="TRUE">-111.000000</longcm><latprjo Sync="TRUE">0.000000</latprjo><feast Sync="TRUE">500000.000000</feast><fnorth Sync="TRUE">0.000000</fnorth></transmer></utm></gridsys></planar></horizsys>
		<vertdef><altsys><altenc Sync="TRUE">Explicit elevation coordinate included with horizontal coordinates</altenc><altres Sync="TRUE">0.000100</altres></altsys></vertdef></spref>
	<eainfo>
		<detailed Name="Roads">
			<enttyp>
				<enttypl Sync="TRUE">Roads</enttypl>
				<enttypt Sync="TRUE">Feature Class</enttypt><enttypc Sync="TRUE">0</enttypc></enttyp>
			<attr><attrlabl Sync="TRUE">FID</attrlabl><attalias Sync="TRUE">FID</attalias><attrtype Sync="TRUE">OID</attrtype><attwidth Sync="TRUE">4</attwidth><atprecis Sync="TRUE">0</atprecis><attscale Sync="TRUE">0</attscale><attrdef Sync="TRUE">Internal feature number.</attrdef><attrdefs Sync="TRUE">ESRI</attrdefs><attrdomv><udom Sync="TRUE">Sequential unique whole numbers that are automatically generated.</udom></attrdomv></attr><attr>
				<attrlabl>Shape</attrlabl>
				<attrdef>Feature geometry.</attrdef>
				<attrdefs>ESRI</attrdefs>
				<attrdomv>
					<udom>Coordinates defining the features.</udom>
				</attrdomv>
				<attalias Sync="TRUE">Shape</attalias><attrtype Sync="TRUE">Geometry</attrtype><attwidth Sync="TRUE">0</attwidth><atprecis Sync="TRUE">0</atprecis><attscale Sync="TRUE">0</attscale></attr>
			<attr>
				<attrlabl>ID</attrlabl>
				<attrdef>Unique identification number.</attrdef>
				<attrtype Sync="TRUE">Float</attrtype><attwidth Sync="TRUE">19</attwidth><attalias Sync="TRUE">ID</attalias><atnumdec Sync="TRUE">11</atnumdec></attr>
			<attr>
				<attrlabl>LENGTH</attrlabl>
				<attrdef>Length of arc (miles).</attrdef>
				<attrdomv>
					<edom>
						<edomv>Length of arc (miles).</edomv>
					</edom>
				</attrdomv>
				<attrtype Sync="TRUE">Float</attrtype><attwidth Sync="TRUE">19</attwidth><attalias Sync="TRUE">LENGTH</attalias><atnumdec Sync="TRUE">11</atnumdec></attr>
			<attr>
				<attrlabl>DIR</attrlabl>
				<attrdef>Freight direction for freight modeling.</attrdef>
				<attrdomv>
					<edom>
						<edomv>0</edomv>
						<edomvd>both directions</edomvd>
					</edom>
					<edom>
						<edomv>1</edomv>
						<edomvd>direction along the link topology</edomvd>
					</edom>
					<edom>
						<edomv>-1</edomv>
						<edomvd>direction opposite to link topology</edomvd>
					</edom>
				</attrdomv>
				<attrtype Sync="TRUE">Number</attrtype><attwidth Sync="TRUE">4</attwidth><attalias Sync="TRUE">DIR</attalias></attr>
			<attr>
				<attrlabl>VERSION</attrlabl>
				<attrdef>Used for maintaining consistency across data files containing alternate releases of the FAF.</attrdef>
				<attrdomv>
				</attrdomv>
				<attrtype Sync="TRUE">String</attrtype><attwidth Sync="TRUE">7</attwidth><attalias Sync="TRUE">VERSION</attalias></attr>
			<attr>
				<attrlabl>RECID</attrlabl>
				<attrdef>A unique numeric ID associated with each arc of NHPN version 2005.08.</attrdef>
				<attrtype Sync="TRUE">Float</attrtype><attwidth Sync="TRUE">19</attwidth><attalias Sync="TRUE">RECID</attalias><atnumdec Sync="TRUE">11</atnumdec></attr>
			<attr>
				<attrlabl>STATE</attrlabl>
				<attrdef>State abbreviation.</attrdef>
				<attrdomv>
					<codesetd>
						<codesetn>Postal Code</codesetn>
					</codesetd>
				</attrdomv>
				<attrtype Sync="TRUE">String</attrtype><attwidth Sync="TRUE">2</attwidth><attalias Sync="TRUE">STATE</attalias></attr>
			<attr>
				<attrlabl>SIGN1</attrlabl>
				<attrdef>Contains the designated primary sign route for the arc.</attrdef>
				<attrtype Sync="TRUE">String</attrtype><attwidth Sync="TRUE">6</attwidth><attalias Sync="TRUE">SIGN1</attalias></attr>
			<attr>
				<attrlabl>SIGN2</attrlabl>
				<attrdef>Contains the designated secondary sign route for the arc.</attrdef>
				<attrtype Sync="TRUE">String</attrtype><attwidth Sync="TRUE">6</attwidth><attalias Sync="TRUE">SIGN2</attalias></attr>
			<attr>
				<attrlabl>SIGN3</attrlabl>
				<attrdef>Contains the designated additional secondary sign route for the arc.</attrdef>
				<attrtype Sync="TRUE">String</attrtype><attwidth Sync="TRUE">6</attwidth><attalias Sync="TRUE">SIGN3</attalias></attr>
			<attr>
				<attrlabl>LNAME</attrlabl>
				<attrdef>Contains the local street name for the arc.</attrdef>
				<attrtype Sync="TRUE">String</attrtype><attwidth Sync="TRUE">30</attwidth><attalias Sync="TRUE">LNAME</attalias></attr>
			<attr>
				<attrlabl>MILES</attrlabl>
				<attrdef>Contains measurement in miles for the arc chain.</attrdef>
				<attrtype Sync="TRUE">Float</attrtype><attwidth Sync="TRUE">19</attwidth><attalias Sync="TRUE">MILES</attalias><atnumdec Sync="TRUE">11</atnumdec></attr>
			<attr>
				<attrlabl>RUCODE</attrlabl>
				<attrdef>Describes the rural/urban classification of the arc.</attrdef>
				<attrdomv>
					<edom>
						<edomv>1</edomv>
						<edomvd>Rural</edomvd>
					</edom>
					<edom>
						<edomv>2</edomv>
						<edomvd>Small urban area (population 5,000 to 49,999)</edomvd>
					</edom>
					<edom>
						<edomv>3</edomv>
						<edomvd>Small urbanzed area (population 50,000 to 199,999)</edomvd>
					</edom>
					<edom>
						<edomv>4</edomv>
						<edomvd>Large urbanized area (population 200,000 or more)</edomvd>
					</edom>
					<edom>
						<edomv>(blank)</edomv>
						<edomvd>Data no available</edomvd>
					</edom>
				</attrdomv>
				<attrtype Sync="TRUE">Number</attrtype><attwidth Sync="TRUE">4</attwidth><attalias Sync="TRUE">RUCODE</attalias></attr>
			<attr>
				<attrlabl>FCLASS</attrlabl>
				<attrdef>Identifies the assigned functional class of each arc.</attrdef>
				<attrdomv>
					<edom>
						<edomv>1</edomv>
						<edomvd>Rural principal arterial - Interstate</edomvd>
					</edom>
					<edom>
						<edomv>2</edomv>
						<edomvd>Rural principal arterial - Other</edomvd>
					</edom>
					<edom>
						<edomv>6</edomv>
						<edomvd>Rural minor arterial</edomvd>
					</edom>
					<edom>
						<edomv>7</edomv>
						<edomvd>Rural major collector</edomvd>
					</edom>
					<edom>
						<edomv>8</edomv>
						<edomvd>Rural MINOR collector</edomvd>
					</edom>
					<edom>
						<edomv>9</edomv>
						<edomvd>Rural local</edomvd>
					</edom>
					<edom>
						<edomv>11</edomv>
						<edomvd>Urban principal arterial - Interstate</edomvd>
					</edom>
					<edom>
						<edomv>12</edomv>
						<edomvd>Urban principal arterial - Other freeways and expressways</edomvd>
					</edom>
					<edom>
						<edomv>14</edomv>
						<edomvd>Urban principal arterial</edomvd>
					</edom>
					<edom>
						<edomv>16</edomv>
						<edomvd>Urban minor arterial</edomvd>
					</edom>
					<edom>
						<edomv>17</edomv>
						<edomvd>Urban collector</edomvd>
					</edom>
					<edom>
						<edomv>19</edomv>
						<edomvd>Urban local</edomvd>
					</edom>
					<edom>
						<edomv>(blank)</edomv>
						<edomvd>Data not available</edomvd>
					</edom>
				</attrdomv>
				<attrtype Sync="TRUE">Number</attrtype><attwidth Sync="TRUE">4</attwidth><attalias Sync="TRUE">FCLASS</attalias></attr>
			<attr>
				<attrlabl>STATUS</attrlabl>
				<attrdomv>
					<edom>
						<edomv>0</edomv>
						<edomvd>Proposed</edomvd>
					</edom>
					<edom>
						<edomv>1</edomv>
						<edomvd>Open to traffic</edomvd>
					</edom>
					<edom>
						<edomv>2</edomv>
						<edomvd>Ferry route</edomvd>
					</edom>
					<edom>
						<edomv>3</edomv>
						<edomvd>Canadian routes connecting Alaska to the contiguous States.</edomvd>
					</edom>
				</attrdomv>
				<attrtype Sync="TRUE">Number</attrtype><attwidth Sync="TRUE">4</attwidth><attalias Sync="TRUE">STATUS</attalias></attr>
			<attr>
				<attrlabl>NHS</attrlabl>
				<attrdef>Special subnetwork for the National Highway System.</attrdef>
				<attrdomv>
					<edom>
						<edomv>0</edomv>
						<edomvd>Not on NHS</edomvd>
					</edom>
					<edom>
						<edomv>1</edomv>
						<edomvd>Interstate</edomvd>
					</edom>
					<edom>
						<edomv>3</edomv>
						<edomvd>Non-Interstate STRAHNET</edomvd>
					</edom>
					<edom>
						<edomv>4</edomv>
						<edomvd>STRAHNET connector</edomvd>
					</edom>
					<edom>
						<edomv>7</edomv>
						<edomvd>Other NHS</edomvd>
					</edom>
					<edom>
						<edomv>8</edomv>
						<edomvd>Approved Intermodal connector</edomvd>
					</edom>
				</attrdomv>
				<attrtype Sync="TRUE">Number</attrtype><attwidth Sync="TRUE">4</attwidth><attalias Sync="TRUE">NHS</attalias></attr>
			<attr>
				<attrlabl>LINK_TYPE</attrlabl>
				<attrdef>Information about the FAF 2.2 link.</attrdef>
				<attrdomv>
					<edom>
						<edomv>0</edomv>
						<edomvd>Other FAF 2.2 link</edomvd>
					</edom>
					<edom>
						<edomv>1</edomv>
						<edomvd>State truck route not on the National Network</edomvd>
					</edom>
					<edom>
						<edomv>2</edomv>
						<edomvd>National Network (NN) route</edomvd>
					</edom>
					<edom>
						<edomv>5</edomv>
						<edomvd>No trucks allowed</edomvd>
					</edom>
				</attrdomv>
				<attrtype Sync="TRUE">Number</attrtype><attwidth Sync="TRUE">9</attwidth><attalias Sync="TRUE">LINK_TYPE</attalias></attr>
			<attr>
				<attrlabl>STFIPS</attrlabl>
				<attrdef>State FIPS code for the arc.</attrdef>
				<attrtype Sync="TRUE">String</attrtype><attwidth Sync="TRUE">2</attwidth><attalias Sync="TRUE">STFIPS</attalias></attr>
			<attr>
				<attrlabl>CTFIPS</attrlabl>
				<attrdef>3 digit FIPS code for the county the arc resides.</attrdef>
				<attrtype Sync="TRUE">String</attrtype><attwidth Sync="TRUE">3</attwidth><attalias Sync="TRUE">CTFIPS</attalias></attr>
			<attr><attrlabl Sync="TRUE">BTSVERSION</attrlabl><attalias Sync="TRUE">BTSVERSION</attalias><attrtype Sync="TRUE">String</attrtype><attwidth Sync="TRUE">2</attwidth><attrdef>Version of the database</attrdef><attrdefs>BTS/RITA</attrdefs><attrdomv><rdom><rdommin>00</rdommin><rdommax>99</rdommax></rdom></attrdomv></attr><attr><attrlabl Sync="TRUE">Shape_Leng</attrlabl><attalias Sync="TRUE">Shape_Leng</attalias><attrtype Sync="TRUE">Float</attrtype><attwidth Sync="TRUE">19</attwidth><atnumdec Sync="TRUE">11</atnumdec></attr></detailed>
		<overview>
		</overview>
	</eainfo>
	<distinfo>
		<distrib>
			<cntinfo>
				<cntorgp>
					<cntorg>Research and Innovative Technology Administration's Bureau of Transportation Statistics (RITA/BTS)</cntorg>
					<cntper>Office of Geospatial Information Systems</cntper>
				</cntorgp>
				<cntaddr>
					<addrtype>mailing and physical address</addrtype>
					<address>1200 New Jersey Ave., SE</address>
					<city>Washington</city>
					<state>DC</state>
					<postal>20590</postal>
					<country>USA</country>
				</cntaddr>
				<cntvoice>(202) 366-3282</cntvoice>
				<cntemail>answers@bts.gov</cntemail>
			</cntinfo>
		</distrib>
		<resdesc>National Transportation Atlas Databases (NTAD) 2010</resdesc>
		<distliab>None</distliab>
		<stdorder>
			<digform>
				<digtinfo>
					<formname>ESRI Shapefile</formname>
					<formvern>2010</formvern>
					<filedec>no compression applied</filedec>
					<transize>58.064</transize>
					<dssize Sync="TRUE">0.000</dssize></digtinfo>
				<digtopt>
					<onlinopt>
						<accinstr>NTAD is available for download at www.bts.gov/programs/geographic_information_services.  The NTAD DVD can also be ordered from the online bookstore at www.bts.gov.</accinstr>
					</onlinopt>
					<offoptn>
						<offmedia>DVD</offmedia>
						<reccap>
							<recden>650</recden>
							<recdenu>megabytes</recdenu>
						</reccap>
						<recfmt>ISO 9660</recfmt>
					</offoptn>
				</digtopt>
			</digform>
			<ordering>Call 202-366-DATA, or E-mail (answers@bts.gov) RITA/BTS to request the National Transportation Atlas Databases (NTAD) 2010 DVD.  This and other RITA/BTS products may be ordered from the RITA/BTS Internet website http://www.bts.gov/programs/geographic_information_services/.</ordering>
		</stdorder>
		<availabl>
			<timeinfo>
				<sngdate>
					<caldate>2010</caldate>
				</sngdate>
			</timeinfo>
		</availabl>
	</distinfo>
	<metainfo>
		<metd Sync="TRUE">20101215</metd>
		<metrd>2010</metrd>
		<metc>
			<cntinfo>
				<cntorgp>
					<cntorg>Research and Innovative Technology Administration's Bureau of Transportation Statistics (RITA/BTS)</cntorg>
					<cntper>Office of Geospatial Information Systems</cntper>
				</cntorgp>
				<cntaddr>
					<addrtype>mailing and physical address</addrtype>
					<address>1200 New Jersey Ave., SE</address>
					<city>Washington</city>
					<state>DC</state>
					<postal>20590</postal>
					<country>USA</country>
				</cntaddr>
				<cntvoice>(202) 366-3282</cntvoice>
				<cntemail>answers@bts.gov</cntemail>
			</cntinfo>
		</metc>
		<metstdn Sync="TRUE">FGDC Content Standards for Digital Geospatial Metadata</metstdn>
		<metstdv Sync="TRUE">FGDC-STD-001-1998</metstdv>
		<mettc Sync="TRUE">local time</mettc>
		<metextns>
			<onlink>http://www.esri.com/metadata/esriprof80.html</onlink>
			<metprof>ESRI Metadata Profile</metprof>
		</metextns>
		<metextns>
			<onlink>http://www.esri.com/metadata/esriprof80.html</onlink>
			<metprof>ESRI Metadata Profile</metprof>
		</metextns>
		<langmeta Sync="TRUE">en</langmeta><metextns><onlink Sync="TRUE">http://www.esri.com/metadata/esriprof80.html</onlink><metprof Sync="TRUE">ESRI Metadata Profile</metprof></metextns></metainfo>
	<Esri><CreaDate>20101203</CreaDate><CreaTime>08564400</CreaTime><SyncOnce>TRUE</SyncOnce><SyncDate>20101215</SyncDate><SyncTime>14360300</SyncTime><ModDate>20101215</ModDate><ModTime>14393200</ModTime><DataProperties><lineage/></DataProperties><MetaID>{B6E9B000-2F7A-48D3-9879-9CB1DDFA5B21}</MetaID></Esri><dataIdInfo><envirDesc Sync="TRUE">Microsoft Windows XP Version 5.1 (Build 2600) Service Pack 3; ESRI ArcCatalog 9.3.1.3000</envirDesc><dataLang><languageCode Sync="TRUE" value="en"></languageCode></dataLang><idCitation><resTitle Sync="TRUE">Roads</resTitle><presForm><PresFormCd Sync="TRUE" value="005"></PresFormCd></presForm></idCitation><spatRpType><SpatRepTypCd Sync="TRUE" value="001"></SpatRepTypCd></spatRpType><dataExt><geoEle><GeoBndBox esriExtentType="native"><westBL Sync="TRUE">-4637500.889</westBL><eastBL Sync="TRUE">3945352.6076</eastBL><northBL Sync="TRUE">8399984.7181</northBL><southBL Sync="TRUE">2851548.406</southBL><exTypeCode Sync="TRUE">1</exTypeCode></GeoBndBox></geoEle></dataExt><geoBox esriExtentType="decdegrees"><westBL Sync="TRUE">-155.749384</westBL><eastBL Sync="TRUE">-67.464293</eastBL><northBL Sync="TRUE">75.684531</northBL><southBL Sync="TRUE">18.948573</southBL><exTypeCode Sync="TRUE">1</exTypeCode></geoBox></dataIdInfo><mdLang><languageCode Sync="TRUE" value="en"></languageCode></mdLang><mdStanName Sync="TRUE">ISO 19115 Geographic Information - Metadata</mdStanName><mdStanVer Sync="TRUE">DIS_ESRI1.0</mdStanVer><mdChar><CharSetCd Sync="TRUE" value="004"></CharSetCd></mdChar><mdHrLv><ScopeCd Sync="TRUE" value="005"></ScopeCd></mdHrLv><mdHrLvName Sync="TRUE">dataset</mdHrLvName><distInfo><distributor><distorTran><onLineSrc><orDesc Sync="TRUE">002</orDesc><linkage Sync="TRUE">file://\\BAROSAURUS\dlucke$\Yellow_Data\downloads\Roads\Roads.shp</linkage><protocol Sync="TRUE">Local Area Network</protocol></onLineSrc><transSize Sync="TRUE">0.000</transSize></distorTran><distorFormat><formatName Sync="TRUE">Shapefile</formatName></distorFormat></distributor></distInfo><refSysInfo><RefSystem><refSysID><identCode Sync="TRUE">NAD_1983_UTM_Zone_12N</identCode></refSysID></RefSystem></refSysInfo><spatRepInfo><VectSpatRep><topLvl><TopoLevCd Sync="TRUE" value="001"></TopoLevCd></topLvl><geometObjs Name="Roads"><geoObjTyp><GeoObjTypCd Sync="TRUE" value="001"></GeoObjTypCd></geoObjTyp><geoObjCnt Sync="TRUE">0</geoObjCnt></geometObjs></VectSpatRep></spatRepInfo><mdDateSt Sync="TRUE">20101215</mdDateSt></metadata>
